batch_0,batch_1,batch_2,batch_3,batch_4,batch_5,batch_6,batch_7,batch_8,batch_9,batch_10,batch_11,batch_12,batch_13,batch_14
7.0310092854803905,11.594799016800277,10.05573012861295,7.353600941911109,5.8383934475986,10.04826137555581,13.85206237680907,7.808428125344738,9.107848017645246,11.79730421746503,10.25859443998653,11.151472994120146,13.863926977889424,7.523956808697334,10.367045917116815
